Won_Championship,Previous_SB_Wins,Number_Of_Wins_This_Season,Number_Of_First_Round_Draft_Picks,Team_Value,Playing_Style,Average_Player_Age,Number_Of_Injured_Players,Coach_Experience_Level,ID
0,3,13,2,Less_Than_Four_Billion,Balanced,27,five,Intermediate,6056
0,2,14,2,Less_Than_Four_Billion,Aggressive_Offense,26,five,Intermediate,9702
1,2,13,1,Less_Than_Four_Billion,Aggressive_Defense,27,four,Intermediate,1745
0,2,12,2,Above_Four_Billion,Balanced,27,six,Intermediate,4757
0,1,15,2,Less_Than_Four_Billion,Balanced,26,five,Intermediate,7242
0,2,14,2,Less_Than_Four_Billion,Balanced,26,five,Intermediate,8757
0,2,15,3,Less_Than_Four_Billion,Balanced,26,five,Intermediate,3773
1,2,14,2,Less_Than_Four_Billion,Aggressive_Defense,26,five,Intermediate,6405
0,2,16,2,Less_Than_Four_Billion,Aggressive_Defense,26,four,Intermediate,6542
1,1,13,2,Less_Than_Four_Billion,Aggressive_Defense,26,five,Intermediate,5058
1,3,14,2,Less_Than_Four_Billion,Aggressive_Offense,27,five,Intermediate,3031
1,1,12,2,Less_Than_Four_Billion,Balanced,26,five,Intermediate,7155
0,2,15,2,Less_Than_Four_Billion,Aggressive_Defense,26,four,Intermediate,2902
1,2,15,1,Less_Than_Four_Billion,Aggressive_Defense,27,three,Beginner,1960
0,2,15,2,Less_Than_Four_Billion,Aggressive_Defense,26,four,Intermediate,3222
0,2,14,2,Less_Than_Four_Billion,Relaxed,27,seven,Intermediate,8392
0,2,16,3,Less_Than_Four_Billion,Aggressive_Defense,25,four,Intermediate,16
0,2,15,3,Less_Than_Four_Billion,Balanced,26,five,Intermediate,1651
0,1,13,2,Less_Than_Four_Billion,Aggressive_Defense,27,six,Intermediate,2211
0,2,15,3,Above_Four_Billion,Aggressive_Defense,26,five,Intermediate,2350
0,1,15,2,Less_Than_Three_Billion,Balanced,26,four,Intermediate,8244
1,1,14,2,Less_Than_Four_Billion,Aggressive_Defense,26,four,Advanced,3133
0,2,14,2,Less_Than_Four_Billion,Aggressive_Defense,26,five,Intermediate,3862
0,1,15,2,Less_Than_Four_Billion,Aggressive_Defense,25,six,Beginner,5302
1,1,14,3,Less_Than_Four_Billion,Balanced,27,six,Intermediate,9143
1,2,13,2,Less_Than_Four_Billion,Aggressive_Defense,27,four,Advanced,8786
0,2,13,2,Less_Than_Four_Billion,Balanced,27,five,Intermediate,7061
1,1,13,2,Less_Than_Four_Billion,Balanced,27,three,Advanced,1789
1,1,12,2,Above_Four_Billion,Aggressive_Defense,27,five,Intermediate,3355
0,2,15,3,Less_Than_Four_Billion,Balanced,26,six,Intermediate,3802
1,2,12,2,Less_Than_Four_Billion,Aggressive_Defense,27,four,Intermediate,4348
0,2,16,2,Less_Than_Four_Billion,Aggressive_Defense,26,three,Intermediate,4807
1,2,14,3,Less_Than_Four_Billion,Balanced,26,eight,Intermediate,7019
1,2,15,3,Less_Than_Four_Billion,Balanced,27,six,Intermediate,7414
0,2,16,3,Less_Than_Three_Billion,Balanced,25,five,Intermediate,7334
1,2,15,2,Less_Than_Four_Billion,Balanced,27,five,Intermediate,5444
1,1,14,2,Less_Than_Four_Billion,Balanced,27,five,Intermediate,5965
0,1,14,2,Less_Than_Three_Billion,Aggressive_Defense,26,six,Intermediate,306
0,0,15,2,Less_Than_Three_Billion,Balanced,26,five,Intermediate,4118
1,1,14,3,Less_Than_Four_Billion,Aggressive_Defense,26,six,Intermediate,6888
1,2,13,3,Above_Four_Billion,Balanced,25,five,Advanced,5207
1,2,13,3,Less_Than_Four_Billion,Balanced,26,six,Intermediate,1767
1,3,16,3,Above_Four_Billion,Aggressive_Defense,27,six,Intermediate,4623
0,2,13,2,Less_Than_Four_Billion,Balanced,26,seven,Beginner,3553
0,1,13,2,Less_Than_Four_Billion,Balanced,27,six,Intermediate,8034
1,2,14,2,Less_Than_Three_Billion,Balanced,26,six,Intermediate,4833
0,1,14,2,Less_Than_Four_Billion,Balanced,27,seven,Intermediate,3629
0,2,16,3,Less_Than_Three_Billion,Balanced,25,five,Intermediate,5520
1,2,15,3,Less_Than_Four_Billion,Aggressive_Defense,27,five,Intermediate,5826
1,2,13,3,Less_Than_Four_Billion,Balanced,25,five,Advanced,9013
0,2,14,2,Less_Than_Four_Billion,Balanced,27,six,Intermediate,5194
0,2,15,2,Less_Than_Three_Billion,Balanced,26,four,Intermediate,1815
1,2,15,2,Less_Than_Four_Billion,Aggressive_Defense,26,five,Intermediate,943
1,2,15,2,Less_Than_Four_Billion,Balanced,26,six,Intermediate,4619
1,2,14,2,Less_Than_Four_Billion,Aggressive_Defense,27,seven,Intermediate,9661
1,2,14,2,Less_Than_Four_Billion,Balanced,27,five,Intermediate,8380
1,2,13,2,Less_Than_Four_Billion,Aggressive_Offense,27,six,Intermediate,2266
1,1,14,3,Less_Than_Three_Billion,Aggressive_Defense,26,seven,Intermediate,2955
1,3,13,2,Less_Than_Four_Billion,Balanced,26,six,Intermediate,1250
1,2,14,2,Less_Than_Four_Billion,Aggressive_Defense,27,four,Intermediate,70
1,1,13,2,Less_Than_Four_Billion,Aggressive_Defense,26,six,Intermediate,6268
0,1,14,1,Less_Than_Four_Billion,Aggressive_Defense,27,three,Intermediate,4794
1,2,15,2,Above_Four_Billion,Balanced,26,three,Intermediate,2531
1,2,16,2,Less_Than_Four_Billion,Aggressive_Defense,26,five,Intermediate,8801
0,2,15,2,Less_Than_Four_Billion,Balanced,25,six,Intermediate,1166
1,2,14,3,Less_Than_Four_Billion,Aggressive_Defense,27,eight,Intermediate,5821
0,1,14,2,Less_Than_Four_Billion,Aggressive_Defense,26,five,Intermediate,2612
1,1,14,2,Less_Than_Four_Billion,Balanced,26,five,Intermediate,9987
1,2,16,3,Less_Than_Four_Billion,Aggressive_Defense,27,seven,Intermediate,8567
0,2,15,2,Less_Than_Four_Billion,Aggressive_Defense,26,four,Intermediate,9029
0,2,15,2,Less_Than_Four_Billion,Aggressive_Defense,26,three,Intermediate,4413
0,2,14,2,Less_Than_Four_Billion,Balanced,27,five,Intermediate,1929
0,2,14,3,Less_Than_Four_Billion,Aggressive_Offense,26,six,Intermediate,2650
0,2,14,2,Above_Four_Billion,Aggressive_Defense,26,six,Intermediate,3954
1,2,15,2,Less_Than_Four_Billion,Balanced,26,five,Intermediate,6778
1,1,15,3,Less_Than_Four_Billion,Aggressive_Defense,26,seven,Intermediate,7630
1,1,14,3,Less_Than_Four_Billion,Aggressive_Defense,26,six,Advanced,1053
1,2,14,2,Less_Than_Three_Billion,Balanced,26,four,Intermediate,8817
0,2,14,2,Less_Than_Four_Billion,Aggressive_Defense,26,seven,Intermediate,19
0,2,13,1,Less_Than_Four_Billion,Aggressive_Defense,26,six,Beginner,7135
0,2,15,2,Less_Than_Four_Billion,Balanced,27,three,Intermediate,8778
1,1,13,2,Less_Than_Four_Billion,Aggressive_Defense,27,six,Advanced,8813
0,2,16,2,Less_Than_Four_Billion,Balanced,26,three,Intermediate,5823
1,2,13,3,Less_Than_Four_Billion,Aggressive_Defense,26,five,Advanced,965
0,1,15,3,Less_Than_Three_Billion,Aggressive_Defense,26,four,Intermediate,8276
1,2,15,2,Less_Than_Four_Billion,Balanced,27,four,Intermediate,925
1,3,14,2,Less_Than_Four_Billion,Balanced,27,six,Intermediate,7244
1,2,12,2,Less_Than_Four_Billion,Aggressive_Offense,26,six,Intermediate,4301
0,2,14,2,Less_Than_Four_Billion,Aggressive_Defense,26,six,Intermediate,1062
0,2,12,1,Less_Than_Four_Billion,Balanced,27,eight,Beginner,2482
0,1,14,2,Less_Than_Four_Billion,Aggressive_Defense,26,six,Intermediate,894
0,3,14,1,Less_Than_Four_Billion,Aggressive_Defense,27,three,Beginner,8187
1,2,13,3,Less_Than_Four_Billion,Balanced,26,five,Advanced,1191
0,1,13,2,Above_Four_Billion,Aggressive_Defense,26,seven,Intermediate,5592
1,1,13,2,Less_Than_Four_Billion,Balanced,26,five,Intermediate,9635
0,1,11,1,Less_Than_Four_Billion,Aggressive_Defense,27,seven,Beginner,6436
0,3,16,2,Less_Than_Four_Billion,Balanced,26,two,Intermediate,7731
1,3,14,3,Less_Than_Four_Billion,Aggressive_Offense,26,six,Advanced,1599
0,2,12,2,Above_Four_Billion,Balanced,27,eight,Intermediate,8636
0,1,14,2,Less_Than_Four_Billion,Aggressive_Defense,26,five,Intermediate,6702
1,2,14,2,Less_Than_Four_Billion,Aggressive_Defense,26,five,Intermediate,4047
1,3,15,2,Less_Than_Four_Billion,Aggressive_Defense,27,four,Intermediate,3598
1,1,15,3,Less_Than_Four_Billion,Balanced,26,six,Intermediate,3860
1,2,13,2,Less_Than_Four_Billion,Aggressive_Defense,27,five,Intermediate,5261
1,2,15,2,Less_Than_Four_Billion,Relaxed,27,five,Intermediate,7150
1,2,14,2,Less_Than_Four_Billion,Balanced,26,six,Intermediate,5124
1,2,14,2,Less_Than_Three_Billion,Aggressive_Defense,26,six,Beginner,1388
0,2,16,3,Less_Than_Four_Billion,Balanced,25,six,Intermediate,863
1,2,15,3,Less_Than_Four_Billion,Balanced,26,seven,Intermediate,183
1,2,14,2,Above_Four_Billion,Balanced,27,six,Intermediate,6276
1,2,15,2,Less_Than_Four_Billion,Balanced,25,six,Intermediate,4482
0,2,12,2,Less_Than_Four_Billion,Relaxed,26,eight,Beginner,6959
0,2,14,2,Less_Than_Four_Billion,Balanced,26,five,Intermediate,1433
1,2,13,2,Less_Than_Four_Billion,Relaxed,27,four,Intermediate,6901
0,2,13,2,Less_Than_Four_Billion,Balanced,26,seven,Intermediate,738
0,2,13,2,Less_Than_Four_Billion,Balanced,26,seven,Intermediate,1836
1,2,16,3,Less_Than_Four_Billion,Aggressive_Defense,25,seven,Intermediate,4817
1,2,15,3,Less_Than_Four_Billion,Aggressive_Defense,26,eight,Intermediate,515
0,2,13,3,Above_Four_Billion,Aggressive_Defense,26,five,Advanced,1903
0,2,15,2,Less_Than_Four_Billion,Balanced,27,six,Intermediate,4352
1,1,15,3,Above_Four_Billion,Balanced,27,six,Intermediate,7186
1,2,13,2,Less_Than_Four_Billion,Balanced,27,five,Intermediate,3332
1,2,14,2,Above_Four_Billion,Balanced,27,four,Intermediate,7762
1,2,13,2,Less_Than_Four_Billion,Balanced,27,four,Intermediate,6652
0,2,15,2,Less_Than_Four_Billion,Balanced,26,five,Intermediate,6689
0,2,14,2,Less_Than_Four_Billion,Balanced,26,six,Intermediate,7974
1,2,13,2,Less_Than_Four_Billion,Balanced,26,five,Intermediate,698
0,3,12,1,Less_Than_Four_Billion,Aggressive_Defense,27,eight,Beginner,1855
0,1,13,2,Less_Than_Four_Billion,Aggressive_Defense,27,seven,Intermediate,8975
1,1,16,2,Above_Four_Billion,Balanced,26,five,Beginner,6773
1,2,16,2,Less_Than_Four_Billion,Balanced,28,six,Intermediate,5585
1,2,13,2,Less_Than_Four_Billion,Aggressive_Defense,27,six,Intermediate,3417
1,2,12,3,Less_Than_Three_Billion,Aggressive_Defense,26,seven,Advanced,9990
0,2,14,2,Less_Than_Four_Billion,Balanced,26,six,Beginner,5882
1,3,14,2,Less_Than_Three_Billion,Balanced,27,six,Intermediate,7187
0,3,12,1,Above_Four_Billion,Aggressive_Defense,27,six,Intermediate,9218
1,2,13,2,Less_Than_Four_Billion,Balanced,27,three,Intermediate,8433
1,1,14,2,Less_Than_Four_Billion,Balanced,26,five,Intermediate,9841
1,2,14,2,Less_Than_Four_Billion,Relaxed,27,five,Intermediate,7588
1,3,15,3,Above_Four_Billion,Balanced,26,five,Intermediate,9967
0,2,14,2,Less_Than_Four_Billion,Balanced,26,seven,Intermediate,9318
0,2,12,2,Less_Than_Four_Billion,Balanced,27,eight,Intermediate,7853
0,2,15,2,Less_Than_Four_Billion,Balanced,26,four,Intermediate,5773
0,1,14,2,Less_Than_Four_Billion,Aggressive_Defense,26,six,Beginner,9072
0,2,14,1,Less_Than_Four_Billion,Aggressive_Defense,27,four,Intermediate,2837
0,2,14,1,Less_Than_Four_Billion,Balanced,26,four,Intermediate,671
0,2,15,1,Less_Than_Four_Billion,Balanced,26,four,Beginner,6766
0,3,13,1,Less_Than_Four_Billion,Balanced,27,three,Intermediate,8366
0,2,13,2,Less_Than_Four_Billion,Aggressive_Defense,27,six,Intermediate,6876
1,2,13,3,Less_Than_Three_Billion,Aggressive_Defense,26,six,Advanced,3804
1,2,15,3,Less_Than_Four_Billion,Balanced,27,six,Intermediate,5233
1,2,13,2,Less_Than_Four_Billion,Aggressive_Defense,26,five,Intermediate,8304
0,2,14,2,Less_Than_Three_Billion,Aggressive_Offense,27,four,Intermediate,576
0,3,14,2,Less_Than_Four_Billion,Aggressive_Defense,27,six,Intermediate,3544
1,1,14,3,Less_Than_Four_Billion,Balanced,26,six,Intermediate,6339
1,3,14,3,Less_Than_Three_Billion,Aggressive_Defense,25,six,Intermediate,7540
1,3,14,3,Less_Than_Four_Billion,Aggressive_Defense,27,five,Advanced,1210
0,2,16,2,Less_Than_Four_Billion,Aggressive_Defense,26,three,Intermediate,7030
0,2,14,2,Less_Than_Four_Billion,Relaxed,27,four,Intermediate,3842
0,2,14,2,Less_Than_Four_Billion,Balanced,26,six,Intermediate,9472
1,3,15,2,Less_Than_Four_Billion,Aggressive_Defense,26,four,Intermediate,701
1,1,13,2,Less_Than_Four_Billion,Balanced,25,six,Intermediate,9120
1,2,14,1,Less_Than_Four_Billion,Balanced,28,three,Beginner,202
1,1,16,3,Less_Than_Four_Billion,Aggressive_Defense,26,six,Intermediate,1230
0,2,12,1,Less_Than_Four_Billion,Aggressive_Offense,27,six,Beginner,5571
0,2,14,1,Less_Than_Four_Billion,Balanced,27,four,Beginner,8203
0,3,14,1,Less_Than_Four_Billion,Aggressive_Defense,27,four,Beginner,5630
0,2,14,2,Less_Than_Four_Billion,Balanced,26,five,Intermediate,1746
1,2,14,2,Less_Than_Three_Billion,Balanced,26,six,Intermediate,7200
1,2,14,3,Less_Than_Four_Billion,Aggressive_Defense,26,five,Intermediate,4514
0,1,16,2,Less_Than_Three_Billion,Balanced,25,three,Intermediate,1153
1,1,12,2,Less_Than_Four_Billion,Balanced,25,five,Advanced,5171
1,3,15,3,Less_Than_Four_Billion,Balanced,26,seven,Intermediate,403
0,2,14,3,Less_Than_Three_Billion,Aggressive_Defense,26,six,Intermediate,2694
0,1,14,2,Less_Than_Four_Billion,Aggressive_Defense,26,seven,Intermediate,7705
1,2,14,3,Less_Than_Four_Billion,Aggressive_Defense,26,eight,Intermediate,6463
0,1,13,2,Less_Than_Four_Billion,Aggressive_Defense,26,seven,Beginner,7745
0,2,15,2,Less_Than_Three_Billion,Aggressive_Defense,26,five,Intermediate,9390
0,2,13,2,Less_Than_Three_Billion,Aggressive_Defense,27,seven,Intermediate,6806
1,2,14,2,Less_Than_Four_Billion,Balanced,26,five,Intermediate,625
0,2,15,2,Above_Four_Billion,Balanced,26,five,Intermediate,5487
1,2,14,2,Less_Than_Four_Billion,Balanced,27,six,Intermediate,2307
1,1,14,4,Above_Four_Billion,Aggressive_Defense,26,eight,Advanced,5949
0,3,13,1,Less_Than_Four_Billion,Balanced,27,four,Intermediate,1934
0,1,15,2,Less_Than_Three_Billion,Aggressive_Defense,26,six,Intermediate,2257
1,1,14,2,Less_Than_Four_Billion,Balanced,26,four,Intermediate,6783
1,1,15,3,Less_Than_Four_Billion,Aggressive_Defense,27,six,Intermediate,427
1,3,13,3,Less_Than_Four_Billion,Aggressive_Defense,27,five,Advanced,3239
1,2,15,2,Less_Than_Four_Billion,Balanced,27,five,Intermediate,5372
0,1,14,1,Less_Than_Four_Billion,Balanced,27,three,Beginner,3965
0,2,14,2,Less_Than_Four_Billion,Balanced,26,six,Intermediate,6030
0,2,13,2,Less_Than_Four_Billion,Relaxed,27,six,Intermediate,5812
1,2,15,2,Less_Than_Four_Billion,Balanced,26,six,Intermediate,1857
1,2,12,1,Less_Than_Three_Billion,Aggressive_Defense,27,three,Intermediate,8814
1,2,14,3,Less_Than_Four_Billion,Aggressive_Defense,26,six,Intermediate,1637
0,2,14,2,Less_Than_Four_Billion,Aggressive_Defense,26,six,Intermediate,4852
0,1,13,2,Less_Than_Four_Billion,Balanced,27,seven,Intermediate,1172
0,2,16,2,Less_Than_Four_Billion,Aggressive_Defense,26,four,Intermediate,2163
1,2,14,3,Less_Than_Four_Billion,Aggressive_Defense,26,seven,Intermediate,7618
0,1,13,1,Less_Than_Four_Billion,Aggressive_Defense,26,seven,Beginner,8048
0,2,14,2,Less_Than_Four_Billion,Balanced,26,six,Intermediate,8614
0,2,14,2,Less_Than_Four_Billion,Aggressive_Defense,27,five,Intermediate,4975
1,2,16,3,Above_Four_Billion,Balanced,26,six,Intermediate,533
0,1,14,1,Above_Four_Billion,Aggressive_Defense,27,four,Intermediate,7471
0,2,13,1,Less_Than_Four_Billion,Balanced,27,four,Beginner,9381
0,1,12,1,Less_Than_Four_Billion,Balanced,27,seven,Intermediate,1762
0,2,13,1,Less_Than_Three_Billion,Balanced,26,six,Beginner,4993
0,1,14,2,Less_Than_Four_Billion,Balanced,26,five,Intermediate,5362
1,2,14,2,Less_Than_Four_Billion,Aggressive_Defense,27,three,Intermediate,100
1,2,13,3,Less_Than_Three_Billion,Aggressive_Defense,27,six,Advanced,214
1,2,15,2,Less_Than_Four_Billion,Aggressive_Defense,27,five,Intermediate,1385
1,1,14,2,Less_Than_Four_Billion,Aggressive_Defense,27,five,Intermediate,661
1,2,13,2,Less_Than_Four_Billion,Balanced,27,five,Intermediate,1366
1,2,13,2,Less_Than_Four_Billion,Balanced,27,six,Intermediate,7422
1,2,13,2,Less_Than_Four_Billion,Aggressive_Defense,26,five,Intermediate,6115
0,3,15,2,Less_Than_Four_Billion,Aggressive_Defense,25,six,Beginner,2945
0,1,12,1,Less_Than_Three_Billion,Balanced,28,five,Intermediate,9199
0,2,13,2,Less_Than_Four_Billion,Relaxed,27,five,Intermediate,3987
1,1,14,3,Less_Than_Four_Billion,Aggressive_Defense,26,five,Advanced,9530
1,2,16,3,Less_Than_Three_Billion,Balanced,26,six,Intermediate,4004
0,2,17,2,Less_Than_Four_Billion,Balanced,25,three,Intermediate,8478
1,2,14,2,Less_Than_Four_Billion,Aggressive_Defense,28,six,Intermediate,9779
0,2,16,3,Above_Four_Billion,Aggressive_Offense,26,four,Intermediate,292
1,1,14,2,Less_Than_Three_Billion,Balanced,26,six,Intermediate,8981
0,2,15,2,Above_Four_Billion,Aggressive_Defense,26,six,Intermediate,1137
1,3,15,3,Less_Than_Four_Billion,Balanced,26,six,Intermediate,413
0,1,14,2,Less_Than_Four_Billion,Aggressive_Defense,26,six,Intermediate,5934
0,2,13,2,Above_Four_Billion,Balanced,26,seven,Intermediate,8677
1,1,14,3,Less_Than_Four_Billion,Balanced,26,six,Intermediate,9366
0,2,15,2,Less_Than_Four_Billion,Balanced,26,five,Intermediate,29
0,2,13,1,Less_Than_Four_Billion,Balanced,27,six,Beginner,238
0,2,15,2,Less_Than_Three_Billion,Aggressive_Defense,26,five,Intermediate,8252
1,1,13,3,Less_Than_Four_Billion,Balanced,26,five,Advanced,3781
1,3,15,3,Less_Than_Four_Billion,Balanced,26,seven,Intermediate,2029
0,2,14,2,Less_Than_Four_Billion,Relaxed,26,six,Intermediate,4697
0,2,14,3,Less_Than_Four_Billion,Aggressive_Defense,26,seven,Intermediate,8566
0,2,13,2,Above_Four_Billion,Aggressive_Defense,26,five,Intermediate,4083
0,1,13,2,Less_Than_Four_Billion,Balanced,26,eight,Intermediate,7209
0,2,12,2,Less_Than_Four_Billion,Aggressive_Defense,26,seven,Intermediate,3470
0,2,13,2,Less_Than_Three_Billion,Aggressive_Offense,27,six,Intermediate,3776
1,1,16,3,Less_Than_Four_Billion,Balanced,26,six,Intermediate,9808
1,2,13,3,Less_Than_Three_Billion,Aggressive_Defense,26,seven,Advanced,4907
0,1,14,1,Above_Four_Billion,Aggressive_Defense,26,four,Intermediate,5680
0,2,15,3,Above_Four_Billion,Balanced,26,six,Intermediate,2190
0,3,13,1,Less_Than_Four_Billion,Balanced,26,six,Beginner,5192
0,1,13,2,Less_Than_Four_Billion,Balanced,27,five,Intermediate,9865
0,2,13,2,Less_Than_Three_Billion,Aggressive_Defense,26,six,Intermediate,2290
0,3,14,1,Less_Than_Four_Billion,Aggressive_Defense,26,five,Beginner,9835
0,2,14,1,Less_Than_Four_Billion,Balanced,27,five,Intermediate,6032
0,2,12,2,Less_Than_Four_Billion,Balanced,27,seven,Intermediate,3212
0,3,13,2,Less_Than_Four_Billion,Relaxed,27,six,Intermediate,1692
1,2,15,3,Less_Than_Four_Billion,Aggressive_Defense,26,six,Intermediate,2981
1,2,12,2,Less_Than_Four_Billion,Aggressive_Defense,27,four,Intermediate,4520
1,2,15,3,Less_Than_Four_Billion,Balanced,26,five,Intermediate,9198
1,2,12,3,Less_Than_Four_Billion,Balanced,26,six,Advanced,9213
1,2,15,3,Less_Than_Four_Billion,Aggressive_Defense,26,six,Intermediate,457
1,2,15,2,Less_Than_Three_Billion,Relaxed,26,three,Intermediate,6021
0,2,15,2,Above_Four_Billion,Aggressive_Defense,26,five,Intermediate,7564
1,2,14,2,Less_Than_Four_Billion,Aggressive_Offense,26,five,Intermediate,1944
0,2,13,2,Less_Than_Four_Billion,Balanced,27,seven,Intermediate,4082
0,2,13,2,Less_Than_Four_Billion,Aggressive_Defense,27,four,Intermediate,3176
1,2,15,3,Above_Four_Billion,Aggressive_Defense,26,seven,Intermediate,6073
0,2,15,2,Less_Than_Four_Billion,Aggressive_Defense,26,four,Intermediate,4384
1,1,14,2,Less_Than_Three_Billion,Balanced,27,five,Intermediate,62
0,1,16,2,Less_Than_Four_Billion,Aggressive_Defense,26,four,Intermediate,5434
1,2,13,3,Less_Than_Four_Billion,Balanced,26,five,Advanced,7001
1,2,13,2,Above_Four_Billion,Aggressive_Defense,27,six,Intermediate,4633
0,1,15,2,Less_Than_Four_Billion,Aggressive_Offense,27,two,Intermediate,8333
0,2,14,2,Less_Than_Four_Billion,Balanced,27,five,Intermediate,2527
0,1,15,3,Less_Than_Four_Billion,Balanced,27,four,Advanced,9748
0,2,14,3,Less_Than_Four_Billion,Balanced,26,seven,Intermediate,2687
0,1,14,2,Less_Than_Four_Billion,Aggressive_Defense,26,seven,Intermediate,7778
0,3,12,1,Less_Than_Four_Billion,Balanced,27,six,Beginner,7584
1,1,14,3,Less_Than_Four_Billion,Aggressive_Defense,26,seven,Intermediate,3310
1,3,15,2,Above_Four_Billion,Aggressive_Defense,26,five,Intermediate,5399
0,2,15,3,Less_Than_Three_Billion,Aggressive_Defense,26,eight,Intermediate,4029
1,1,15,2,Less_Than_Four_Billion,Aggressive_Defense,26,five,Beginner,2256
1,1,15,2,Less_Than_Four_Billion,Aggressive_Defense,26,six,Intermediate,3421
0,3,14,2,Less_Than_Four_Billion,Balanced,26,four,Intermediate,9090
0,2,14,2,Less_Than_Four_Billion,Aggressive_Defense,26,six,Intermediate,1403
1,2,13,3,Less_Than_Four_Billion,Balanced,26,seven,Intermediate,3910
1,1,14,3,Above_Four_Billion,Aggressive_Defense,25,seven,Intermediate,5109
1,2,13,2,Less_Than_Four_Billion,Balanced,26,three,Advanced,3631
0,2,14,2,Less_Than_Four_Billion,Balanced,26,five,Intermediate,1174
1,1,14,3,Less_Than_Four_Billion,Balanced,26,six,Advanced,6574
0,3,13,2,Less_Than_Four_Billion,Balanced,26,seven,Intermediate,6792
0,1,13,2,Less_Than_Four_Billion,Aggressive_Defense,26,six,Intermediate,2318
0,1,15,2,Less_Than_Four_Billion,Aggressive_Defense,26,five,Intermediate,763
1,2,14,3,Less_Than_Four_Billion,Balanced,26,eight,Intermediate,6455
0,2,12,2,Less_Than_Four_Billion,Aggressive_Defense,27,seven,Intermediate,6107
1,2,14,3,Less_Than_Four_Billion,Balanced,27,five,Intermediate,2674
1,3,14,3,Less_Than_Four_Billion,Aggressive_Defense,26,six,Intermediate,4143
0,2,14,2,Less_Than_Four_Billion,Aggressive_Defense,26,six,Beginner,8686
1,2,13,3,Above_Four_Billion,Aggressive_Defense,27,six,Intermediate,8501
0,2,12,1,Less_Than_Four_Billion,Balanced,27,six,Intermediate,5515
0,2,13,2,Less_Than_Four_Billion,Aggressive_Defense,27,seven,Intermediate,1887
0,1,13,2,Above_Four_Billion,Aggressive_Defense,27,six,Intermediate,2985
0,3,14,2,Less_Than_Four_Billion,Aggressive_Defense,27,five,Intermediate,8798
1,2,14,2,Less_Than_Four_Billion,Balanced,27,five,Intermediate,6736
0,2,13,2,Less_Than_Four_Billion,Balanced,27,six,Intermediate,8047
1,1,13,2,Above_Four_Billion,Aggressive_Defense,27,seven,Intermediate,1764
1,2,12,2,Less_Than_Four_Billion,Aggressive_Defense,26,five,Intermediate,5411
0,2,16,3,Above_Four_Billion,Balanced,25,four,Intermediate,4371
1,3,13,2,Less_Than_Four_Billion,Relaxed,27,four,Intermediate,125
0,2,16,3,Less_Than_Four_Billion,Balanced,26,four,Intermediate,2948
1,2,13,2,Less_Than_Four_Billion,Aggressive_Defense,27,five,Intermediate,577
0,2,12,1,Less_Than_Four_Billion,Balanced,28,five,Intermediate,5940
1,2,14,2,Less_Than_Four_Billion,Aggressive_Defense,26,five,Intermediate,2720
1,1,13,1,Less_Than_Four_Billion,Aggressive_Defense,27,four,Intermediate,7863
1,1,12,2,Less_Than_Four_Billion,Aggressive_Defense,27,seven,Intermediate,268
0,2,14,2,Less_Than_Four_Billion,Aggressive_Defense,27,six,Intermediate,1902
0,2,14,2,Less_Than_Four_Billion,Balanced,27,five,Intermediate,543
0,2,14,3,Less_Than_Four_Billion,Aggressive_Defense,26,six,Intermediate,8113
1,2,14,2,Above_Four_Billion,Aggressive_Defense,27,four,Intermediate,2705
1,0,14,2,Less_Than_Four_Billion,Aggressive_Defense,26,five,Beginner,4476
0,2,14,1,Less_Than_Four_Billion,Balanced,27,four,Intermediate,7505
0,1,15,2,Above_Four_Billion,Balanced,26,five,Intermediate,1237
0,3,12,1,Less_Than_Four_Billion,Balanced,27,seven,Intermediate,5865
0,2,13,2,Less_Than_Four_Billion,Aggressive_Defense,27,six,Intermediate,3949
1,1,15,3,Less_Than_Four_Billion,Balanced,26,seven,Intermediate,2714
1,2,13,3,Less_Than_Four_Billion,Balanced,26,seven,Intermediate,3136
0,2,12,2,Less_Than_Four_Billion,Aggressive_Offense,27,seven,Intermediate,715
1,2,15,3,Less_Than_Four_Billion,Aggressive_Defense,26,five,Intermediate,1233
1,2,14,3,Less_Than_Four_Billion,Balanced,26,seven,Intermediate,9730
1,3,16,3,Less_Than_Four_Billion,Aggressive_Defense,26,five,Intermediate,1917
1,2,12,3,Less_Than_Four_Billion,Aggressive_Defense,26,six,Advanced,654
1,3,14,3,Less_Than_Four_Billion,Balanced,26,four,Advanced,8966
0,2,14,2,Less_Than_Four_Billion,Relaxed,28,four,Intermediate,4724
0,2,15,3,Above_Four_Billion,Aggressive_Defense,25,seven,Intermediate,3345
1,1,15,3,Less_Than_Four_Billion,Aggressive_Defense,26,seven,Intermediate,5332
1,2,14,2,Less_Than_Four_Billion,Aggressive_Defense,27,six,Intermediate,9900
1,2,13,1,Less_Than_Three_Billion,Aggressive_Offense,26,five,Beginner,4225
1,2,15,3,Less_Than_Four_Billion,Aggressive_Defense,26,seven,Intermediate,5000
1,2,14,2,Less_Than_Four_Billion,Balanced,27,six,Intermediate,5620
1,2,13,2,Less_Than_Four_Billion,Aggressive_Defense,26,six,Intermediate,7833
0,2,15,2,Less_Than_Four_Billion,Aggressive_Defense,25,five,Intermediate,8306
0,2,14,2,Less_Than_Four_Billion,Balanced,27,five,Intermediate,3614
0,2,14,3,Less_Than_Four_Billion,Balanced,26,six,Intermediate,3087
0,2,15,2,Less_Than_Four_Billion,Aggressive_Defense,26,four,Beginner,6111
0,1,14,2,Less_Than_Four_Billion,Aggressive_Defense,26,seven,Intermediate,4588
0,2,15,2,Less_Than_Three_Billion,Aggressive_Defense,26,three,Intermediate,8340
0,2,14,2,Less_Than_Four_Billion,Balanced,26,five,Intermediate,8215
0,2,12,1,Less_Than_Four_Billion,Balanced,27,seven,Beginner,1807
0,1,13,1,Less_Than_Four_Billion,Aggressive_Defense,27,five,Intermediate,1580
1,1,16,3,Less_Than_Four_Billion,Aggressive_Defense,26,six,Intermediate,1296
1,2,13,2,Less_Than_Four_Billion,Balanced,27,four,Intermediate,5722
1,2,14,2,Less_Than_Four_Billion,Aggressive_Offense,27,three,Intermediate,7857
1,3,14,3,Less_Than_Four_Billion,Aggressive_Defense,27,six,Intermediate,1069
0,2,14,2,Less_Than_Four_Billion,Balanced,26,seven,Intermediate,8765
1,1,13,2,Less_Than_Four_Billion,Aggressive_Defense,27,four,Intermediate,9535
1,2,13,3,Less_Than_Four_Billion,Aggressive_Defense,26,five,Intermediate,8859
1,2,14,3,Above_Four_Billion,Balanced,26,five,Advanced,325
0,2,16,2,Less_Than_Four_Billion,Aggressive_Defense,26,four,Intermediate,8947
0,2,14,1,Less_Than_Four_Billion,Balanced,27,four,Beginner,9023
1,2,13,2,Less_Than_Four_Billion,Balanced,26,five,Advanced,1427
1,2,15,2,Less_Than_Four_Billion,Balanced,26,five,Intermediate,3901
1,2,14,2,Less_Than_Four_Billion,Aggressive_Defense,27,five,Intermediate,5376
1,2,14,2,Above_Four_Billion,Balanced,26,six,Intermediate,7621
0,1,11,1,Less_Than_Four_Billion,Aggressive_Defense,27,nine,Intermediate,5634
0,1,14,2,Less_Than_Three_Billion,Aggressive_Defense,26,five,Intermediate,4553
0,2,15,3,Less_Than_Four_Billion,Aggressive_Defense,26,six,Intermediate,990
0,2,14,2,Less_Than_Four_Billion,Aggressive_Offense,26,six,Intermediate,9971
1,2,12,2,Less_Than_Four_Billion,Aggressive_Defense,26,three,Advanced,337
0,2,13,2,Less_Than_Four_Billion,Balanced,27,six,Intermediate,9970
0,2,13,2,Less_Than_Four_Billion,Balanced,27,six,Intermediate,8419
1,2,16,2,Less_Than_Four_Billion,Relaxed,26,five,Intermediate,6596
0,3,11,2,Less_Than_Four_Billion,Balanced,27,nine,Intermediate,380
1,1,15,2,Less_Than_Three_Billion,Balanced,27,five,Beginner,6386
1,1,14,2,Above_Four_Billion,Balanced,26,four,Intermediate,9118
1,2,15,3,Less_Than_Four_Billion,Aggressive_Defense,26,six,Advanced,9758
1,2,15,3,Less_Than_Four_Billion,Aggressive_Defense,26,seven,Advanced,6886
1,2,14,2,Less_Than_Three_Billion,Balanced,26,six,Intermediate,8945
0,2,15,2,Less_Than_Four_Billion,Balanced,27,four,Intermediate,7099
0,2,15,3,Less_Than_Four_Billion,Aggressive_Defense,26,six,Intermediate,7158
1,3,14,2,Above_Four_Billion,Aggressive_Defense,27,six,Intermediate,4202
1,3,14,2,Less_Than_Four_Billion,Balanced,27,six,Intermediate,9338
1,2,14,2,Less_Than_Three_Billion,Aggressive_Defense,27,six,Intermediate,111
1,1,14,2,Less_Than_Four_Billion,Balanced,26,six,Intermediate,9170
0,2,14,2,Less_Than_Four_Billion,Balanced,26,six,Intermediate,4996
1,2,15,3,Less_Than_Four_Billion,Aggressive_Defense,26,eight,Intermediate,2942
1,1,14,2,Less_Than_Four_Billion,Aggressive_Defense,26,five,Intermediate,6383
1,2,12,2,Less_Than_Four_Billion,Aggressive_Defense,26,five,Intermediate,3846
1,2,15,2,Less_Than_Four_Billion,Aggressive_Defense,27,seven,Intermediate,4571
0,2,13,2,Less_Than_Four_Billion,Balanced,26,six,Intermediate,6588
0,2,13,2,Less_Than_Three_Billion,Relaxed,27,five,Intermediate,7309
0,2,15,3,Less_Than_Four_Billion,Aggressive_Defense,26,seven,Intermediate,9545
1,1,14,2,Less_Than_Four_Billion,Aggressive_Defense,27,five,Intermediate,79
0,2,13,2,Less_Than_Four_Billion,Aggressive_Defense,27,six,Intermediate,9637
0,1,13,2,Above_Four_Billion,Aggressive_Defense,27,seven,Intermediate,3508
0,2,14,2,Above_Four_Billion,Balanced,26,six,Intermediate,6051
1,3,15,3,Less_Than_Four_Billion,Balanced,26,six,Intermediate,664
0,2,14,1,Less_Than_Three_Billion,Aggressive_Defense,27,three,Intermediate,2457
1,2,11,2,Less_Than_Four_Billion,Balanced,26,six,Advanced,3026
0,2,13,2,Less_Than_Four_Billion,Aggressive_Defense,26,seven,Beginner,5267
0,2,14,2,Less_Than_Four_Billion,Balanced,27,five,Intermediate,7658
0,2,14,2,Less_Than_Three_Billion,Relaxed,27,five,Intermediate,6470
1,3,13,3,Less_Than_Four_Billion,Aggressive_Defense,26,five,Advanced,6411
0,1,14,2,Less_Than_Three_Billion,Aggressive_Defense,26,six,Intermediate,512
0,1,16,3,Above_Four_Billion,Balanced,26,three,Intermediate,7624
1,2,14,2,Less_Than_Four_Billion,Aggressive_Offense,26,six,Intermediate,3540
0,2,13,1,Less_Than_Three_Billion,Balanced,27,six,Intermediate,787
1,3,13,3,Less_Than_Four_Billion,Aggressive_Defense,26,seven,Intermediate,6066
0,3,14,2,Above_Four_Billion,Aggressive_Defense,26,five,Intermediate,1040
1,2,15,3,Above_Four_Billion,Aggressive_Defense,27,seven,Intermediate,9027
1,3,14,2,Less_Than_Four_Billion,Balanced,27,five,Intermediate,9828
0,2,13,2,Less_Than_Four_Billion,Balanced,27,six,Intermediate,8918
0,2,14,2,Less_Than_Four_Billion,Aggressive_Defense,26,five,Intermediate,9886
0,2,14,3,Less_Than_Four_Billion,Balanced,27,six,Intermediate,235
0,1,16,2,Less_Than_Four_Billion,Aggressive_Offense,26,three,Beginner,1406
0,1,17,2,Less_Than_Four_Billion,Aggressive_Defense,27,five,Intermediate,4305
0,1,14,2,Less_Than_Four_Billion,Balanced,26,six,Intermediate,8831
1,2,15,3,Less_Than_Four_Billion,Aggressive_Defense,26,seven,Intermediate,7340
1,1,14,3,Above_Four_Billion,Aggressive_Defense,27,six,Intermediate,5170
1,1,14,3,Less_Than_Four_Billion,Aggressive_Defense,26,six,Intermediate,3733
1,2,14,3,Less_Than_Four_Billion,Aggressive_Defense,26,six,Intermediate,8681
0,2,14,2,Less_Than_Four_Billion,Aggressive_Defense,27,four,Intermediate,2967
0,2,12,2,Less_Than_Four_Billion,Balanced,27,six,Intermediate,6842
1,3,14,3,Less_Than_Four_Billion,Aggressive_Defense,27,six,Intermediate,7832
1,1,14,3,Less_Than_Three_Billion,Balanced,26,five,Intermediate,578
0,3,14,2,Less_Than_Four_Billion,Relaxed,26,seven,Intermediate,1457
0,2,13,2,Less_Than_Four_Billion,Balanced,26,seven,Intermediate,8488
0,3,14,3,Less_Than_Three_Billion,Aggressive_Defense,27,seven,Intermediate,5309
1,1,14,3,Less_Than_Four_Billion,Aggressive_Defense,26,six,Intermediate,5738
0,1,14,2,Less_Than_Four_Billion,Aggressive_Offense,26,six,Intermediate,9469
0,2,14,2,Less_Than_Four_Billion,Aggressive_Offense,26,six,Beginner,1626
0,2,15,2,Above_Four_Billion,Aggressive_Defense,26,five,Intermediate,2281
1,2,14,2,Less_Than_Four_Billion,Aggressive_Defense,27,five,Intermediate,5917
1,2,15,2,Less_Than_Four_Billion,Aggressive_Defense,27,six,Intermediate,1010
1,2,13,2,Less_Than_Four_Billion,Aggressive_Defense,26,three,Advanced,5835
0,2,14,2,Less_Than_Four_Billion,Balanced,27,five,Intermediate,4832
1,2,13,2,Less_Than_Four_Billion,Relaxed,27,four,Intermediate,3818
1,1,13,2,Less_Than_Four_Billion,Aggressive_Defense,27,six,Intermediate,4937
1,1,14,2,Less_Than_Three_Billion,Aggressive_Defense,27,six,Intermediate,9033
0,2,13,1,Above_Four_Billion,Aggressive_Defense,27,five,Intermediate,1314
1,2,14,2,Less_Than_Four_Billion,Aggressive_Defense,26,five,Intermediate,1335
0,1,14,2,Less_Than_Four_Billion,Aggressive_Defense,27,five,Intermediate,2732
0,2,12,1,Less_Than_Four_Billion,Balanced,27,six,Intermediate,7042
1,2,14,3,Less_Than_Four_Billion,Aggressive_Defense,26,seven,Advanced,1416
0,2,13,2,Less_Than_Four_Billion,Balanced,27,six,Intermediate,539
1,2,13,2,Less_Than_Four_Billion,Aggressive_Defense,26,six,Intermediate,4802
1,3,15,3,Less_Than_Four_Billion,Aggressive_Defense,26,six,Intermediate,4578
0,2,14,1,Less_Than_Four_Billion,Aggressive_Defense,26,five,Beginner,5687
1,1,15,3,Less_Than_Three_Billion,Balanced,27,six,Intermediate,3664
0,1,13,1,Less_Than_Four_Billion,Aggressive_Defense,26,six,Beginner,9332
0,1,12,2,Above_Four_Billion,Balanced,27,seven,Intermediate,3486
0,2,13,1,Less_Than_Four_Billion,Balanced,27,five,Beginner,9593
0,3,14,2,Less_Than_Four_Billion,Aggressive_Defense,27,five,Intermediate,6982
1,1,14,2,Less_Than_Four_Billion,Balanced,27,four,Intermediate,8015
0,2,15,2,Above_Four_Billion,Aggressive_Defense,26,five,Intermediate,3795
0,2,12,2,Less_Than_Four_Billion,Aggressive_Defense,27,seven,Intermediate,2271
0,3,12,2,Less_Than_Four_Billion,Aggressive_Defense,27,eight,Intermediate,7043
0,2,15,2,Less_Than_Three_Billion,Balanced,26,five,Intermediate,3715
0,2,13,2,Less_Than_Four_Billion,Balanced,27,seven,Intermediate,1025
0,2,13,2,Less_Than_Four_Billion,Aggressive_Defense,27,six,Intermediate,2208
1,2,14,3,Less_Than_Four_Billion,Balanced,26,five,Advanced,9843
1,2,13,2,Less_Than_Four_Billion,Balanced,26,four,Intermediate,8489
1,2,14,2,Less_Than_Four_Billion,Aggressive_Defense,27,four,Intermediate,8762
1,2,14,2,Less_Than_Four_Billion,Aggressive_Defense,26,five,Intermediate,8037
1,2,13,2,Less_Than_Four_Billion,Aggressive_Defense,27,five,Intermediate,2561
1,1,15,3,Less_Than_Four_Billion,Aggressive_Defense,26,seven,Intermediate,8236
0,3,14,2,Less_Than_Four_Billion,Aggressive_Defense,27,five,Intermediate,6135
0,1,13,2,Less_Than_Four_Billion,Aggressive_Defense,26,eight,Intermediate,6522
1,2,14,3,Less_Than_Four_Billion,Balanced,26,seven,Intermediate,2813
1,1,15,2,Less_Than_Four_Billion,Aggressive_Defense,26,six,Intermediate,3359
1,2,12,2,Less_Than_Four_Billion,Balanced,26,five,Intermediate,2214
0,2,15,2,Less_Than_Three_Billion,Balanced,26,four,Intermediate,115
0,1,14,2,Less_Than_Four_Billion,Relaxed,27,five,Intermediate,2817
0,2,16,2,Less_Than_Four_Billion,Balanced,25,two,Intermediate,6468
0,2,14,2,Less_Than_Four_Billion,Balanced,26,seven,Intermediate,9230
1,2,14,3,Less_Than_Four_Billion,Aggressive_Defense,27,six,Intermediate,3288
1,1,16,3,Less_Than_Four_Billion,Balanced,26,five,Intermediate,7896
0,2,16,2,Less_Than_Four_Billion,Aggressive_Defense,26,three,Intermediate,4164
1,2,15,2,Less_Than_Four_Billion,Balanced,26,five,Intermediate,643
0,2,16,2,Less_Than_Four_Billion,Aggressive_Defense,26,three,Intermediate,7021
0,1,13,2,Less_Than_Four_Billion,Balanced,26,seven,Beginner,7952
0,2,14,2,Less_Than_Four_Billion,Aggressive_Defense,26,six,Intermediate,7439
1,2,13,3,Less_Than_Four_Billion,Balanced,26,five,Advanced,5265
1,2,13,2,Less_Than_Four_Billion,Aggressive_Defense,26,five,Intermediate,8684
1,1,15,2,Less_Than_Three_Billion,Aggressive_Offense,27,three,Intermediate,1574
0,2,15,2,Less_Than_Four_Billion,Balanced,27,five,Intermediate,7821
0,2,15,2,Less_Than_Three_Billion,Aggressive_Defense,25,five,Intermediate,7609
1,2,15,3,Less_Than_Four_Billion,Balanced,27,six,Intermediate,8096
1,2,13,2,Less_Than_Three_Billion,Relaxed,27,four,Intermediate,3824
0,2,13,2,Less_Than_Four_Billion,Aggressive_Defense,27,seven,Intermediate,2938
1,1,12,2,Less_Than_Four_Billion,Aggressive_Defense,26,six,Advanced,7313
1,0,15,2,Less_Than_Four_Billion,Balanced,27,three,Intermediate,1492
0,2,14,2,Less_Than_Four_Billion,Aggressive_Defense,26,seven,Intermediate,2538
0,1,15,2,Above_Four_Billion,Relaxed,26,five,Beginner,3243
1,2,14,3,Less_Than_Three_Billion,Aggressive_Defense,26,seven,Intermediate,7433
1,2,13,2,Less_Than_Four_Billion,Aggressive_Defense,26,five,Intermediate,7940
1,1,14,2,Less_Than_Four_Billion,Aggressive_Defense,27,five,Intermediate,4175
0,2,13,2,Less_Than_Four_Billion,Aggressive_Defense,27,six,Intermediate,5505
1,2,15,3,Less_Than_Three_Billion,Aggressive_Defense,27,six,Advanced,4877
1,2,15,3,Less_Than_Three_Billion,Balanced,26,seven,Intermediate,8730
1,2,16,3,Above_Four_Billion,Aggressive_Defense,27,six,Intermediate,7882
1,1,12,2,Less_Than_Three_Billion,Aggressive_Defense,26,five,Intermediate,2868
1,2,14,2,Less_Than_Four_Billion,Aggressive_Defense,27,five,Intermediate,1297
0,2,13,2,Less_Than_Four_Billion,Balanced,27,seven,Intermediate,9354
0,2,16,3,Less_Than_Three_Billion,Aggressive_Defense,26,four,Intermediate,1968
1,1,14,2,Less_Than_Four_Billion,Balanced,27,six,Intermediate,9500
0,2,15,2,Less_Than_Four_Billion,Aggressive_Defense,27,four,Intermediate,7739
0,1,13,1,Less_Than_Four_Billion,Balanced,27,five,Intermediate,5731
1,2,14,2,Less_Than_Four_Billion,Balanced,28,four,Intermediate,3256
0,2,12,2,Less_Than_Three_Billion,Aggressive_Defense,26,six,Intermediate,5858
1,2,12,2,Less_Than_Four_Billion,Balanced,26,three,Advanced,5638
0,2,13,2,Above_Four_Billion,Aggressive_Defense,27,seven,Intermediate,9595
0,2,14,2,Less_Than_Four_Billion,Aggressive_Defense,26,four,Intermediate,6185
1,2,15,2,Less_Than_Four_Billion,Balanced,27,six,Intermediate,7790
0,2,14,2,Less_Than_Four_Billion,Balanced,26,five,Intermediate,1307
1,3,13,2,Less_Than_Three_Billion,Aggressive_Defense,27,five,Advanced,1773
0,2,13,2,Less_Than_Four_Billion,Balanced,26,seven,Intermediate,5112
1,1,14,2,Less_Than_Four_Billion,Balanced,27,six,Intermediate,9006
1,2,15,2,Less_Than_Three_Billion,Balanced,26,six,Intermediate,4944
0,2,15,3,Above_Four_Billion,Balanced,26,five,Intermediate,1514
1,1,15,3,Above_Four_Billion,Balanced,26,five,Intermediate,9003
1,2,13,2,Less_Than_Four_Billion,Aggressive_Defense,26,six,Intermediate,4620
0,1,13,2,Less_Than_Four_Billion,Balanced,26,seven,Intermediate,7479
1,2,15,2,Above_Four_Billion,Aggressive_Defense,27,five,Intermediate,2639
0,2,14,3,Less_Than_Four_Billion,Balanced,26,seven,Intermediate,7652
1,2,14,1,Less_Than_Four_Billion,Aggressive_Defense,27,three,Intermediate,3159
0,2,13,2,Less_Than_Four_Billion,Aggressive_Defense,26,six,Intermediate,470
0,2,13,1,Less_Than_Four_Billion,Balanced,27,six,Beginner,7961
0,1,14,2,Less_Than_Four_Billion,Aggressive_Defense,26,five,Intermediate,7686
1,2,12,2,Less_Than_Four_Billion,Aggressive_Defense,26,four,Advanced,5343
1,2,14,1,Above_Four_Billion,Balanced,27,two,Intermediate,6915
1,2,13,2,Less_Than_Four_Billion,Relaxed,26,six,Intermediate,6675
1,2,14,2,Less_Than_Four_Billion,Balanced,27,five,Intermediate,7859
1,3,13,2,Less_Than_Four_Billion,Balanced,27,five,Intermediate,3558
1,2,11,3,Less_Than_Four_Billion,Aggressive_Defense,26,six,Advanced,6829
0,2,13,2,Less_Than_Four_Billion,Aggressive_Defense,27,five,Intermediate,5695
1,2,13,3,Less_Than_Four_Billion,Aggressive_Defense,26,six,Intermediate,6945
1,1,15,2,Less_Than_Four_Billion,Aggressive_Offense,26,three,Intermediate,5213
0,2,14,3,Above_Four_Billion,Aggressive_Defense,26,seven,Intermediate,1844
0,2,17,2,Less_Than_Four_Billion,Relaxed,26,two,Intermediate,1645
0,1,13,2,Less_Than_Four_Billion,Balanced,27,six,Intermediate,538
0,1,15,2,Less_Than_Four_Billion,Aggressive_Defense,26,six,Intermediate,3859
0,2,11,1,Above_Four_Billion,Aggressive_Defense,28,six,Beginner,3980
0,3,13,2,Less_Than_Four_Billion,Balanced,27,six,Intermediate,623
1,2,15,3,Less_Than_Three_Billion,Balanced,26,six,Intermediate,384
0,2,14,2,Less_Than_Four_Billion,Aggressive_Offense,27,six,Intermediate,2499
1,1,15,3,Less_Than_Four_Billion,Aggressive_Defense,26,seven,Intermediate,5042
1,2,14,2,Less_Than_Four_Billion,Balanced,26,five,Intermediate,3369
1,1,15,1,Less_Than_Four_Billion,Aggressive_Defense,27,four,Beginner,5313
0,1,12,2,Less_Than_Four_Billion,Aggressive_Defense,27,seven,Intermediate,7728
0,2,13,2,Less_Than_Four_Billion,Aggressive_Defense,26,six,Intermediate,412
1,2,14,3,Less_Than_Three_Billion,Balanced,27,seven,Intermediate,5820
0,2,13,1,Less_Than_Four_Billion,Aggressive_Defense,26,seven,Beginner,4796
0,2,15,2,Less_Than_Four_Billion,Aggressive_Defense,26,three,Intermediate,2122
0,2,13,1,Less_Than_Four_Billion,Aggressive_Defense,27,four,Intermediate,2573
0,2,15,2,Less_Than_Four_Billion,Balanced,27,four,Intermediate,2451
1,2,14,2,Less_Than_Four_Billion,Balanced,27,five,Intermediate,6504
1,2,13,3,Less_Than_Four_Billion,Aggressive_Defense,26,six,Advanced,8783
1,2,14,2,Less_Than_Four_Billion,Aggressive_Defense,26,five,Intermediate,8954
0,2,14,2,Above_Four_Billion,Balanced,26,seven,Intermediate,9149
0,2,14,2,Less_Than_Four_Billion,Aggressive_Defense,27,five,Intermediate,1077
1,2,16,3,Less_Than_Four_Billion,Aggressive_Defense,26,seven,Intermediate,7431
1,2,16,3,Less_Than_Four_Billion,Aggressive_Defense,26,six,Intermediate,3468
0,1,14,2,Less_Than_Four_Billion,Balanced,26,seven,Intermediate,6437
1,1,14,2,Less_Than_Four_Billion,Balanced,27,five,Intermediate,9952
1,2,14,2,Less_Than_Four_Billion,Aggressive_Defense,26,four,Intermediate,1301
1,2,13,2,Less_Than_Four_Billion,Balanced,27,seven,Intermediate,6202
1,2,13,2,Less_Than_Four_Billion,Aggressive_Defense,27,five,Intermediate,5155
1,2,15,2,Less_Than_Four_Billion,Balanced,27,five,Intermediate,4171
0,2,12,1,Less_Than_Four_Billion,Aggressive_Defense,27,six,Beginner,1346
0,2,13,2,Above_Four_Billion,Aggressive_Offense,27,six,Intermediate,6018
0,2,13,2,Less_Than_Four_Billion,Aggressive_Defense,27,seven,Intermediate,1367
0,2,15,2,Less_Than_Four_Billion,Aggressive_Defense,26,five,Intermediate,3038
1,2,15,3,Above_Four_Billion,Aggressive_Defense,26,eight,Intermediate,5512
1,1,14,2,Less_Than_Four_Billion,Aggressive_Defense,26,five,Intermediate,8137
1,1,13,2,Less_Than_Four_Billion,Aggressive_Defense,26,five,Intermediate,8355
1,2,14,2,Less_Than_Three_Billion,Aggressive_Defense,27,four,Intermediate,8017
1,2,13,2,Less_Than_Four_Billion,Aggressive_Defense,26,five,Intermediate,2370
1,3,14,2,Less_Than_Four_Billion,Aggressive_Defense,27,five,Intermediate,781
1,2,12,2,Less_Than_Four_Billion,Balanced,27,five,Intermediate,2712
1,1,14,2,Less_Than_Four_Billion,Aggressive_Defense,27,five,Intermediate,5663
0,1,13,1,Above_Four_Billion,Balanced,27,five,Intermediate,9245
0,2,14,2,Less_Than_Four_Billion,Aggressive_Defense,26,five,Intermediate,6872
0,3,12,1,Above_Four_Billion,Aggressive_Defense,28,four,Intermediate,2360
1,2,14,2,Less_Than_Four_Billion,Balanced,27,five,Intermediate,974
1,2,14,2,Less_Than_Four_Billion,Aggressive_Defense,26,seven,Beginner,8869
0,3,14,2,Less_Than_Four_Billion,Balanced,26,seven,Beginner,5830
1,2,14,2,Less_Than_Four_Billion,Balanced,26,four,Intermediate,9657
0,2,15,2,Less_Than_Three_Billion,Balanced,26,four,Intermediate,6047
0,1,14,2,Less_Than_Four_Billion,Aggressive_Defense,26,seven,Intermediate,783
1,2,15,2,Less_Than_Four_Billion,Aggressive_Defense,26,five,Intermediate,1808
0,2,13,2,Less_Than_Four_Billion,Balanced,27,eight,Intermediate,7319
1,1,14,2,Less_Than_Four_Billion,Aggressive_Defense,27,six,Intermediate,4450
0,2,16,3,Less_Than_Four_Billion,Aggressive_Defense,26,four,Intermediate,7176
1,2,15,3,Less_Than_Three_Billion,Balanced,26,five,Intermediate,3373
0,2,15,2,Less_Than_Four_Billion,Balanced,26,five,Intermediate,3039
1,2,14,3,Less_Than_Four_Billion,Aggressive_Defense,27,seven,Intermediate,5419
0,1,14,2,Less_Than_Four_Billion,Aggressive_Defense,26,five,Intermediate,4231
1,1,15,3,Less_Than_Four_Billion,Aggressive_Defense,26,six,Intermediate,6351
0,1,15,3,Above_Four_Billion,Balanced,26,five,Intermediate,5005
0,2,13,1,Less_Than_Four_Billion,Balanced,27,six,Intermediate,3765
0,3,17,3,Less_Than_Four_Billion,Balanced,26,one,Intermediate,7994
0,3,15,2,Less_Than_Three_Billion,Aggressive_Defense,26,three,Intermediate,2830
1,2,14,2,Less_Than_Four_Billion,Balanced,26,four,Intermediate,1126
1,2,13,3,Above_Four_Billion,Aggressive_Defense,26,five,Advanced,3593
1,2,15,3,Less_Than_Four_Billion,Balanced,25,six,Intermediate,6211
0,2,14,2,Less_Than_Four_Billion,Balanced,26,five,Intermediate,9147
1,2,13,2,Less_Than_Four_Billion,Balanced,27,four,Intermediate,3036
0,2,15,3,Less_Than_Four_Billion,Balanced,26,four,Intermediate,3029
1,2,12,2,Less_Than_Four_Billion,Balanced,26,three,Advanced,233
0,2,13,2,Less_Than_Four_Billion,Aggressive_Offense,27,six,Intermediate,8661
1,2,14,3,Less_Than_Four_Billion,Aggressive_Defense,27,seven,Intermediate,942
0,1,15,3,Less_Than_Four_Billion,Balanced,26,four,Advanced,1039
0,1,13,1,Less_Than_Four_Billion,Aggressive_Defense,28,three,Intermediate,4369
0,1,14,2,Less_Than_Four_Billion,Aggressive_Defense,26,four,Intermediate,9141
0,1,13,2,Less_Than_Four_Billion,Aggressive_Defense,26,seven,Beginner,206
0,2,13,1,Less_Than_Four_Billion,Aggressive_Offense,27,five,Intermediate,3993
0,1,14,2,Less_Than_Three_Billion,Balanced,26,six,Intermediate,5524
1,1,14,2,Less_Than_Three_Billion,Balanced,27,six,Intermediate,1652
0,1,14,2,Less_Than_Four_Billion,Aggressive_Defense,26,six,Intermediate,6838
1,2,14,1,Less_Than_Four_Billion,Aggressive_Defense,27,three,Intermediate,7990
0,2,14,2,Less_Than_Four_Billion,Aggressive_Defense,26,five,Intermediate,3362
1,2,14,2,Less_Than_Four_Billion,Balanced,26,five,Intermediate,7499
1,2,12,2,Less_Than_Four_Billion,Balanced,26,five,Advanced,4462
1,3,15,2,Less_Than_Four_Billion,Balanced,26,six,Intermediate,5554
1,3,15,3,Less_Than_Four_Billion,Aggressive_Defense,26,six,Intermediate,820
1,2,14,3,Less_Than_Four_Billion,Balanced,26,six,Intermediate,7802
0,2,13,1,Less_Than_Four_Billion,Aggressive_Defense,27,five,Beginner,8426
1,1,14,2,Less_Than_Four_Billion,Balanced,26,four,Advanced,6756
1,2,13,2,Less_Than_Four_Billion,Aggressive_Defense,26,four,Intermediate,5696
0,2,13,2,Less_Than_Four_Billion,Balanced,27,six,Intermediate,7152
0,1,16,3,Less_Than_Three_Billion,Aggressive_Defense,26,five,Advanced,3832
1,1,13,3,Less_Than_Three_Billion,Balanced,26,seven,Advanced,7490
0,2,13,2,Less_Than_Four_Billion,Aggressive_Defense,26,six,Beginner,3939
1,2,15,2,Less_Than_Four_Billion,Balanced,27,five,Intermediate,5715
1,3,14,1,Less_Than_Four_Billion,Aggressive_Defense,27,three,Intermediate,76
1,1,15,2,Less_Than_Four_Billion,Aggressive_Defense,27,five,Intermediate,4312
1,2,13,3,Less_Than_Four_Billion,Balanced,26,seven,Advanced,3854
1,3,16,3,Less_Than_Four_Billion,Aggressive_Defense,27,six,Intermediate,4220
1,2,15,3,Less_Than_Four_Billion,Aggressive_Defense,27,six,Intermediate,8562
1,1,14,2,Less_Than_Four_Billion,Balanced,27,six,Intermediate,7122
0,2,14,2,Above_Four_Billion,Aggressive_Defense,26,five,Intermediate,8688
1,2,13,2,Less_Than_Four_Billion,Balanced,27,four,Intermediate,4344
0,2,13,1,Less_Than_Four_Billion,Aggressive_Defense,27,five,Intermediate,1481
0,2,13,2,Less_Than_Four_Billion,Aggressive_Offense,26,seven,Intermediate,4893
0,2,14,1,Less_Than_Four_Billion,Aggressive_Defense,27,four,Intermediate,6549
1,2,14,2,Less_Than_Four_Billion,Aggressive_Defense,26,seven,Beginner,2248
0,2,12,2,Less_Than_Four_Billion,Aggressive_Defense,27,seven,Intermediate,5230
0,3,17,2,Less_Than_Four_Billion,Balanced,26,two,Intermediate,3123
0,1,14,2,Above_Four_Billion,Balanced,26,six,Intermediate,5496
0,2,13,2,Less_Than_Four_Billion,Balanced,27,seven,Intermediate,9357
1,2,13,2,Less_Than_Four_Billion,Balanced,26,seven,Intermediate,2396
1,3,13,2,Less_Than_Four_Billion,Aggressive_Defense,26,six,Intermediate,9909
0,2,13,2,Less_Than_Four_Billion,Aggressive_Defense,26,six,Beginner,6130
0,3,15,2,Less_Than_Four_Billion,Aggressive_Defense,26,four,Intermediate,1791
1,1,15,2,Less_Than_Four_Billion,Balanced,26,six,Intermediate,6627
1,2,14,2,Less_Than_Four_Billion,Aggressive_Defense,26,five,Intermediate,7452
1,1,15,3,Above_Four_Billion,Aggressive_Defense,27,six,Advanced,5769
0,2,14,2,Less_Than_Four_Billion,Balanced,26,six,Intermediate,560
1,2,13,2,Less_Than_Four_Billion,Aggressive_Defense,27,five,Advanced,4399
1,1,15,3,Less_Than_Four_Billion,Balanced,26,seven,Intermediate,4595
1,1,15,3,Less_Than_Four_Billion,Aggressive_Defense,27,seven,Intermediate,8158
1,2,12,2,Less_Than_Four_Billion,Balanced,27,five,Intermediate,8510
0,2,15,3,Less_Than_Four_Billion,Aggressive_Defense,27,four,Advanced,1066
0,2,12,2,Less_Than_Four_Billion,Balanced,27,eight,Intermediate,8494
1,2,13,3,Less_Than_Four_Billion,Balanced,26,seven,Intermediate,141
1,2,15,2,Less_Than_Four_Billion,Balanced,27,five,Beginner,7154
0,2,13,2,Less_Than_Three_Billion,Balanced,27,six,Intermediate,3056
0,2,14,2,Less_Than_Three_Billion,Balanced,27,five,Intermediate,9330
1,2,16,2,Less_Than_Four_Billion,Aggressive_Defense,27,four,Intermediate,5054
1,2,15,3,Less_Than_Four_Billion,Balanced,26,five,Intermediate,5210
1,3,13,3,Less_Than_Four_Billion,Aggressive_Defense,26,four,Advanced,6022
1,2,14,2,Less_Than_Four_Billion,Balanced,26,four,Intermediate,3957
0,2,12,1,Less_Than_Four_Billion,Aggressive_Defense,26,eight,Beginner,2841
1,3,13,2,Less_Than_Four_Billion,Aggressive_Defense,27,six,Intermediate,4460
0,2,14,2,Less_Than_Four_Billion,Balanced,26,seven,Intermediate,2188
1,3,14,3,Less_Than_Four_Billion,Balanced,26,seven,Advanced,2418
1,2,14,3,Less_Than_Four_Billion,Balanced,27,six,Advanced,8907
1,2,13,2,Less_Than_Four_Billion,Balanced,26,six,Intermediate,3062
0,1,14,2,Less_Than_Four_Billion,Balanced,26,six,Intermediate,6599
0,1,12,2,Less_Than_Four_Billion,Aggressive_Defense,27,seven,Intermediate,4826
0,1,14,2,Less_Than_Four_Billion,Balanced,26,five,Intermediate,4080
1,2,12,2,Less_Than_Four_Billion,Balanced,26,five,Advanced,4093
1,2,13,2,Less_Than_Four_Billion,Balanced,27,three,Advanced,7860
0,1,15,2,Above_Four_Billion,Balanced,26,five,Intermediate,8123
0,2,12,2,Above_Four_Billion,Aggressive_Defense,27,nine,Beginner,27
0,2,15,2,Less_Than_Four_Billion,Balanced,26,four,Intermediate,1397
0,3,13,2,Less_Than_Three_Billion,Balanced,26,four,Intermediate,9992
0,2,14,1,Less_Than_Four_Billion,Aggressive_Defense,26,five,Intermediate,8370
1,2,15,3,Less_Than_Four_Billion,Balanced,25,eight,Intermediate,4234
0,1,14,3,Less_Than_Three_Billion,Balanced,26,six,Intermediate,5019
0,1,12,2,Less_Than_Four_Billion,Balanced,26,seven,Intermediate,7113
1,2,14,2,Less_Than_Four_Billion,Aggressive_Defense,26,five,Intermediate,4488
0,2,14,2,Less_Than_Three_Billion,Aggressive_Defense,26,six,Beginner,3798
1,2,15,2,Above_Four_Billion,Aggressive_Defense,26,four,Intermediate,8847
1,2,15,2,Less_Than_Four_Billion,Aggressive_Offense,27,six,Intermediate,1277
0,2,16,3,Less_Than_Four_Billion,Aggressive_Defense,25,four,Intermediate,8815
1,2,13,2,Less_Than_Four_Billion,Balanced,27,three,Intermediate,2925
0,2,14,2,Less_Than_Four_Billion,Balanced,26,six,Intermediate,1274
1,2,14,2,Less_Than_Three_Billion,Aggressive_Defense,26,five,Beginner,252
1,2,16,2,Less_Than_Four_Billion,Balanced,27,five,Beginner,1440
0,2,15,2,Less_Than_Four_Billion,Aggressive_Defense,26,four,Beginner,483
1,1,12,2,Less_Than_Four_Billion,Aggressive_Defense,27,five,Advanced,177
1,2,13,2,Less_Than_Four_Billion,Aggressive_Defense,25,four,Intermediate,6660
1,2,13,2,Less_Than_Four_Billion,Balanced,27,four,Intermediate,2959
1,2,14,3,Less_Than_Four_Billion,Aggressive_Defense,27,four,Advanced,7075
1,2,15,3,Less_Than_Four_Billion,Balanced,26,five,Intermediate,8991
1,2,16,3,Less_Than_Four_Billion,Aggressive_Defense,26,seven,Intermediate,2484
0,3,13,2,Less_Than_Four_Billion,Aggressive_Defense,27,six,Intermediate,4905
0,3,11,1,Less_Than_Four_Billion,Balanced,27,nine,Beginner,6074
0,1,13,2,Less_Than_Four_Billion,Balanced,27,seven,Intermediate,4298
1,2,13,2,Less_Than_Four_Billion,Balanced,27,seven,Intermediate,417
0,3,13,2,Less_Than_Four_Billion,Aggressive_Defense,28,four,Intermediate,8713
1,2,16,2,Less_Than_Three_Billion,Aggressive_Defense,27,four,Intermediate,2894
0,2,13,2,Less_Than_Four_Billion,Aggressive_Defense,27,six,Intermediate,7469
0,2,14,2,Less_Than_Four_Billion,Balanced,26,three,Intermediate,1162
0,3,12,2,Less_Than_Four_Billion,Aggressive_Defense,27,eight,Intermediate,9145
0,2,14,2,Less_Than_Four_Billion,Aggressive_Defense,26,six,Beginner,1817
1,2,15,2,Less_Than_Three_Billion,Balanced,26,four,Intermediate,7496
0,1,14,2,Less_Than_Four_Billion,Balanced,26,five,Intermediate,9070
1,3,15,2,Less_Than_Four_Billion,Aggressive_Defense,27,four,Intermediate,6449
0,1,15,2,Less_Than_Four_Billion,Aggressive_Defense,26,four,Intermediate,7438
1,2,13,2,Less_Than_Four_Billion,Balanced,26,five,Intermediate,2288
1,2,15,3,Less_Than_Four_Billion,Balanced,26,six,Intermediate,54
1,3,15,4,Less_Than_Four_Billion,Aggressive_Defense,26,eight,Advanced,5904
1,3,13,3,Less_Than_Four_Billion,Balanced,26,six,Advanced,5927
0,2,16,2,Less_Than_Four_Billion,Aggressive_Defense,26,three,Intermediate,5271
1,2,13,3,Less_Than_Four_Billion,Aggressive_Offense,27,six,Advanced,6822
0,2,15,2,Less_Than_Four_Billion,Aggressive_Defense,26,five,Intermediate,3555
1,3,14,2,Less_Than_Four_Billion,Balanced,27,six,Intermediate,8535
0,2,14,2,Less_Than_Four_Billion,Balanced,26,four,Intermediate,6551
0,2,13,2,Less_Than_Four_Billion,Balanced,27,seven,Intermediate,6149
0,0,15,2,Less_Than_Four_Billion,Balanced,26,five,Intermediate,3067
0,2,13,2,Above_Four_Billion,Balanced,27,six,Intermediate,5110
0,2,13,2,Less_Than_Three_Billion,Aggressive_Defense,27,eight,Intermediate,8664
1,1,14,3,Less_Than_Four_Billion,Aggressive_Defense,26,eight,Intermediate,2662
1,2,13,2,Less_Than_Four_Billion,Balanced,26,six,Intermediate,7138
1,2,14,3,Less_Than_Four_Billion,Balanced,26,six,Advanced,1598
1,2,13,1,Above_Four_Billion,Balanced,27,four,Intermediate,3867
0,2,13,1,Less_Than_Four_Billion,Aggressive_Defense,26,seven,Beginner,4538
0,2,14,2,Above_Four_Billion,Balanced,27,six,Intermediate,7504
0,2,15,2,Less_Than_Four_Billion,Balanced,25,five,Intermediate,6208
0,1,14,2,Less_Than_Four_Billion,Balanced,26,five,Beginner,9375
0,3,13,2,Less_Than_Three_Billion,Aggressive_Defense,27,six,Intermediate,1685
0,3,12,2,Less_Than_Four_Billion,Aggressive_Defense,27,seven,Intermediate,9211
0,2,16,3,Less_Than_Four_Billion,Aggressive_Defense,26,five,Intermediate,3213
0,3,12,2,Above_Four_Billion,Relaxed,26,eight,Intermediate,9207
1,2,15,1,Less_Than_Four_Billion,Aggressive_Defense,26,four,Beginner,8969
0,1,13,2,Less_Than_Three_Billion,Balanced,27,seven,Intermediate,7724
1,2,14,3,Less_Than_Four_Billion,Aggressive_Defense,27,seven,Intermediate,5660
1,2,13,3,Less_Than_Four_Billion,Aggressive_Defense,26,six,Advanced,2836
0,1,14,2,Less_Than_Four_Billion,Aggressive_Defense,26,five,Intermediate,2169
1,2,14,2,Less_Than_Four_Billion,Balanced,26,four,Intermediate,2975
1,2,14,3,Less_Than_Four_Billion,Aggressive_Defense,26,six,Intermediate,9809
0,2,13,1,Less_Than_Three_Billion,Aggressive_Defense,28,six,Intermediate,3075
1,2,13,3,Less_Than_Four_Billion,Aggressive_Defense,26,six,Intermediate,3128
1,1,14,3,Less_Than_Four_Billion,Balanced,26,six,Advanced,3844
0,2,14,2,Less_Than_Four_Billion,Balanced,27,five,Intermediate,3591
0,2,15,2,Less_Than_Four_Billion,Balanced,26,four,Intermediate,8337
0,1,15,2,Less_Than_Four_Billion,Aggressive_Defense,26,five,Intermediate,9284
0,1,14,2,Less_Than_Four_Billion,Aggressive_Defense,26,five,Intermediate,7052
0,2,14,2,Less_Than_Three_Billion,Aggressive_Offense,26,six,Intermediate,8823
1,2,13,3,Less_Than_Four_Billion,Aggressive_Defense,27,six,Advanced,6095
0,1,15,3,Less_Than_Four_Billion,Aggressive_Defense,25,six,Intermediate,9853
1,2,14,3,Less_Than_Four_Billion,Balanced,26,five,Intermediate,2171
1,2,14,3,Less_Than_Four_Billion,Aggressive_Defense,27,six,Intermediate,1283
0,2,17,2,Less_Than_Four_Billion,Aggressive_Defense,25,two,Intermediate,8051
1,2,14,2,Less_Than_Four_Billion,Balanced,27,seven,Intermediate,6439
1,2,14,3,Less_Than_Three_Billion,Aggressive_Defense,26,five,Advanced,5280
1,2,14,2,Less_Than_Four_Billion,Balanced,26,five,Intermediate,6126
0,1,15,3,Above_Four_Billion,Aggressive_Defense,26,five,Advanced,433
1,3,15,3,Less_Than_Four_Billion,Aggressive_Defense,26,seven,Intermediate,5272
0,2,15,2,Less_Than_Four_Billion,Aggressive_Defense,26,four,Intermediate,2105
1,2,15,2,Less_Than_Four_Billion,Aggressive_Offense,26,six,Intermediate,1326
0,2,15,3,Above_Four_Billion,Balanced,26,five,Intermediate,8479
1,2,15,2,Less_Than_Four_Billion,Balanced,26,six,Intermediate,4197
0,2,14,2,Above_Four_Billion,Balanced,26,six,Intermediate,2915
1,2,14,3,Less_Than_Four_Billion,Aggressive_Defense,26,five,Intermediate,3994
0,1,14,2,Less_Than_Four_Billion,Balanced,27,five,Intermediate,8152
1,2,13,2,Less_Than_Four_Billion,Balanced,26,six,Intermediate,6424
1,1,13,2,Less_Than_Four_Billion,Balanced,26,seven,Intermediate,8616
1,2,15,2,Less_Than_Four_Billion,Aggressive_Defense,26,four,Intermediate,155
1,2,12,2,Less_Than_Four_Billion,Balanced,26,six,Intermediate,8111
0,3,15,3,Less_Than_Four_Billion,Aggressive_Defense,26,five,Intermediate,1341
1,2,14,2,Less_Than_Four_Billion,Aggressive_Defense,26,five,Intermediate,8020
1,1,14,3,Less_Than_Four_Billion,Balanced,27,six,Intermediate,1532
0,1,13,2,Less_Than_Four_Billion,Aggressive_Defense,26,six,Beginner,8368
0,2,15,2,Less_Than_Four_Billion,Aggressive_Defense,26,four,Intermediate,7871
1,1,15,3,Less_Than_Four_Billion,Aggressive_Defense,26,eight,Intermediate,587
0,2,15,2,Less_Than_Four_Billion,Aggressive_Defense,26,five,Intermediate,6776
0,1,15,2,Less_Than_Four_Billion,Aggressive_Defense,26,four,Intermediate,1851
0,2,16,2,Less_Than_Four_Billion,Aggressive_Defense,26,three,Intermediate,6381
1,1,14,3,Less_Than_Four_Billion,Aggressive_Defense,26,seven,Intermediate,6952
1,2,14,3,Less_Than_Four_Billion,Aggressive_Offense,26,seven,Advanced,3326
0,2,14,2,Less_Than_Four_Billion,Balanced,26,six,Intermediate,7275
0,2,13,2,Less_Than_Four_Billion,Relaxed,25,nine,Beginner,696
1,2,13,2,Less_Than_Four_Billion,Aggressive_Defense,26,five,Intermediate,9918
1,2,15,2,Above_Four_Billion,Aggressive_Defense,27,five,Intermediate,6520
0,2,15,2,Less_Than_Four_Billion,Balanced,26,four,Intermediate,8516
0,1,14,3,Less_Than_Four_Billion,Balanced,26,six,Intermediate,5336
1,2,14,2,Less_Than_Four_Billion,Balanced,27,five,Intermediate,9232
1,1,14,3,Less_Than_Four_Billion,Balanced,26,six,Advanced,2664
1,2,12,1,Less_Than_Four_Billion,Balanced,27,four,Intermediate,460
1,1,13,3,Above_Four_Billion,Aggressive_Defense,26,five,Advanced,6844
1,1,14,2,Less_Than_Four_Billion,Balanced,26,five,Intermediate,9001
0,1,14,2,Less_Than_Four_Billion,Balanced,26,three,Intermediate,2465
1,2,15,2,Less_Than_Four_Billion,Aggressive_Defense,26,four,Intermediate,6362
0,2,14,2,Less_Than_Four_Billion,Aggressive_Defense,26,seven,Intermediate,2037
1,2,14,2,Less_Than_Four_Billion,Aggressive_Defense,26,four,Intermediate,7582
0,2,12,1,Less_Than_Four_Billion,Balanced,27,seven,Beginner,1933
0,2,13,2,Less_Than_Four_Billion,Aggressive_Defense,26,five,Intermediate,2324
1,2,13,3,Less_Than_Four_Billion,Aggressive_Defense,26,five,Advanced,5065
0,2,13,2,Less_Than_Four_Billion,Aggressive_Defense,27,six,Intermediate,243
0,2,12,0,Less_Than_Four_Billion,Relaxed,27,five,Beginner,6461
0,2,15,2,Less_Than_Four_Billion,Balanced,26,five,Intermediate,4356
1,3,13,2,Less_Than_Four_Billion,Aggressive_Defense,26,six,Intermediate,819
1,1,16,3,Less_Than_Four_Billion,Balanced,26,six,Intermediate,6481
0,3,14,2,Less_Than_Four_Billion,Balanced,25,six,Beginner,4391
0,1,14,2,Less_Than_Four_Billion,Balanced,26,six,Intermediate,3313
1,2,14,2,Less_Than_Four_Billion,Relaxed,27,five,Intermediate,5697
0,2,13,2,Less_Than_Four_Billion,Aggressive_Defense,26,seven,Intermediate,6614
1,1,14,2,Less_Than_Four_Billion,Balanced,27,six,Intermediate,7766
1,2,13,3,Less_Than_Three_Billion,Relaxed,26,six,Advanced,4936
0,1,14,3,Less_Than_Four_Billion,Balanced,26,six,Intermediate,9288
0,2,16,2,Less_Than_Four_Billion,Balanced,26,four,Intermediate,5059
1,2,15,3,Less_Than_Three_Billion,Aggressive_Defense,26,seven,Intermediate,9368
1,2,14,2,Less_Than_Three_Billion,Aggressive_Defense,26,five,Intermediate,8299
0,1,16,3,Less_Than_Four_Billion,Aggressive_Defense,25,five,Intermediate,1834
0,3,15,3,Less_Than_Four_Billion,Balanced,27,six,Intermediate,4250
0,2,14,3,Less_Than_Four_Billion,Aggressive_Defense,26,six,Advanced,6816
0,1,16,2,Less_Than_Four_Billion,Balanced,26,four,Intermediate,5606
1,2,13,2,Less_Than_Four_Billion,Balanced,26,five,Advanced,3877
0,1,14,2,Less_Than_Four_Billion,Balanced,27,five,Intermediate,6308
0,2,15,2,Less_Than_Four_Billion,Balanced,26,five,Intermediate,8006
1,2,15,3,Above_Four_Billion,Aggressive_Defense,26,eight,Intermediate,757
1,3,13,2,Less_Than_Three_Billion,Balanced,27,six,Intermediate,9263
1,1,13,2,Less_Than_Four_Billion,Relaxed,26,six,Intermediate,5605
0,2,14,3,Less_Than_Four_Billion,Aggressive_Defense,25,six,Intermediate,1754
1,3,14,2,Less_Than_Four_Billion,Aggressive_Defense,27,five,Intermediate,6992
1,3,15,2,Less_Than_Four_Billion,Balanced,26,five,Intermediate,7522
1,1,14,2,Above_Four_Billion,Balanced,27,six,Intermediate,5114
1,1,15,1,Less_Than_Four_Billion,Aggressive_Defense,27,four,Beginner,5286
1,2,13,3,Less_Than_Four_Billion,Aggressive_Defense,26,seven,Intermediate,5199
1,2,14,2,Less_Than_Four_Billion,Aggressive_Defense,26,five,Intermediate,6667
1,2,14,2,Less_Than_Four_Billion,Aggressive_Defense,26,four,Intermediate,4043
1,2,12,2,Less_Than_Three_Billion,Aggressive_Offense,26,five,Intermediate,2226
1,3,14,2,Less_Than_Four_Billion,Aggressive_Defense,27,five,Intermediate,7459
0,2,15,2,Above_Four_Billion,Balanced,26,four,Intermediate,2924
0,1,13,2,Less_Than_Four_Billion,Balanced,27,six,Intermediate,9578
0,2,13,1,Less_Than_Four_Billion,Balanced,28,five,Intermediate,1657
0,2,11,1,Less_Than_Four_Billion,Balanced,27,eight,Intermediate,3025
1,1,14,2,Less_Than_Four_Billion,Aggressive_Defense,26,five,Intermediate,2145
1,1,15,3,Less_Than_Four_Billion,Relaxed,26,five,Intermediate,6765
1,2,15,3,Less_Than_Four_Billion,Aggressive_Defense,26,seven,Intermediate,2485
0,2,11,1,Less_Than_Four_Billion,Aggressive_Offense,27,eight,Beginner,5310
0,2,14,3,Less_Than_Four_Billion,Aggressive_Defense,27,five,Intermediate,4759
1,3,14,3,Less_Than_Four_Billion,Balanced,26,five,Advanced,8389
1,2,15,2,Less_Than_Four_Billion,Aggressive_Defense,26,five,Intermediate,7219
0,2,14,1,Less_Than_Four_Billion,Relaxed,27,four,Beginner,5699
0,2,15,2,Less_Than_Four_Billion,Aggressive_Defense,26,four,Intermediate,2511
0,3,15,2,Less_Than_Three_Billion,Balanced,26,three,Intermediate,5226
1,2,14,2,Less_Than_Four_Billion,Balanced,27,four,Intermediate,1152
0,1,15,2,Less_Than_Three_Billion,Aggressive_Defense,26,four,Intermediate,7587
0,1,14,2,Less_Than_Four_Billion,Balanced,26,six,Beginner,9603
0,0,13,1,Less_Than_Four_Billion,Balanced,27,four,Intermediate,6389
0,2,13,2,Less_Than_Three_Billion,Aggressive_Defense,27,five,Intermediate,4823
1,2,13,1,Above_Four_Billion,Aggressive_Defense,26,five,Intermediate,5712
1,2,15,2,Less_Than_Four_Billion,Balanced,27,four,Intermediate,8996
1,2,12,2,Less_Than_Four_Billion,Balanced,26,three,Advanced,1981
0,2,12,1,Less_Than_Four_Billion,Aggressive_Defense,27,six,Beginner,7164
1,2,13,2,Less_Than_Four_Billion,Aggressive_Defense,27,six,Intermediate,4767
1,1,15,2,Less_Than_Three_Billion,Aggressive_Defense,26,four,Intermediate,8032
1,1,15,3,Less_Than_Four_Billion,Balanced,26,five,Intermediate,9428
1,2,12,2,Above_Four_Billion,Balanced,27,three,Advanced,562
0,2,15,2,Less_Than_Four_Billion,Balanced,26,four,Intermediate,191
0,2,11,1,Above_Four_Billion,Balanced,28,seven,Intermediate,5714
1,1,15,2,Less_Than_Four_Billion,Aggressive_Defense,27,four,Intermediate,7685
1,1,15,1,Less_Than_Four_Billion,Aggressive_Defense,26,four,Beginner,4137
1,2,15,2,Less_Than_Four_Billion,Balanced,26,five,Intermediate,1875
1,2,15,3,Above_Four_Billion,Balanced,26,seven,Intermediate,3956
1,1,14,2,Less_Than_Four_Billion,Balanced,26,four,Intermediate,8345
0,2,13,2,Less_Than_Four_Billion,Balanced,27,five,Intermediate,4125
1,1,15,3,Above_Four_Billion,Aggressive_Defense,26,seven,Intermediate,2796
1,2,13,2,Less_Than_Three_Billion,Aggressive_Defense,27,five,Intermediate,3379
1,2,15,3,Above_Four_Billion,Balanced,26,five,Intermediate,8822
1,2,14,2,Less_Than_Four_Billion,Balanced,27,five,Intermediate,5574
1,1,13,3,Above_Four_Billion,Aggressive_Defense,26,five,Advanced,3427
1,2,15,2,Above_Four_Billion,Aggressive_Defense,27,seven,Beginner,1291
1,2,13,2,Less_Than_Four_Billion,Aggressive_Defense,26,four,Intermediate,1693
1,2,14,2,Less_Than_Four_Billion,Balanced,27,five,Intermediate,5810
1,3,15,2,Above_Four_Billion,Aggressive_Defense,27,six,Intermediate,5197
1,3,14,2,Less_Than_Three_Billion,Balanced,26,five,Intermediate,5760
0,3,13,3,Above_Four_Billion,Balanced,26,seven,Intermediate,2804
0,1,14,2,Less_Than_Four_Billion,Balanced,27,five,Intermediate,8577
1,2,14,3,Less_Than_Four_Billion,Balanced,26,seven,Advanced,9693
1,1,14,2,Less_Than_Four_Billion,Balanced,26,five,Intermediate,6910
0,1,16,2,Less_Than_Three_Billion,Aggressive_Defense,26,three,Intermediate,6296
1,2,16,2,Less_Than_Four_Billion,Balanced,27,six,Intermediate,2427
0,1,14,1,Less_Than_Four_Billion,Balanced,27,five,Beginner,5611
1,2,15,2,Less_Than_Three_Billion,Aggressive_Defense,26,four,Intermediate,4542
0,1,13,2,Above_Four_Billion,Balanced,26,seven,Intermediate,6199
1,2,13,2,Less_Than_Four_Billion,Aggressive_Defense,26,five,Intermediate,7550
0,2,14,2,Less_Than_Four_Billion,Relaxed,26,eight,Beginner,4616
1,1,15,2,Less_Than_Four_Billion,Aggressive_Defense,26,four,Intermediate,5610
0,2,12,1,Less_Than_Four_Billion,Aggressive_Defense,27,six,Beginner,4385
0,1,11,1,Less_Than_Four_Billion,Aggressive_Defense,28,seven,Intermediate,4064
0,2,14,2,Less_Than_Four_Billion,Relaxed,26,five,Intermediate,9709
1,2,14,3,Less_Than_Four_Billion,Aggressive_Defense,26,seven,Intermediate,443
1,2,15,2,Less_Than_Four_Billion,Balanced,27,five,Intermediate,6579
0,2,14,2,Less_Than_Four_Billion,Aggressive_Defense,26,five,Intermediate,4168
0,1,12,2,Less_Than_Four_Billion,Aggressive_Defense,27,eight,Intermediate,8401
1,1,14,2,Less_Than_Four_Billion,Aggressive_Defense,26,six,Intermediate,5429
0,1,13,2,Less_Than_Four_Billion,Balanced,27,four,Intermediate,1156
0,2,15,2,Less_Than_Four_Billion,Balanced,26,five,Intermediate,2117
1,2,13,2,Less_Than_Four_Billion,Relaxed,26,four,Advanced,1956
1,2,15,2,Less_Than_Four_Billion,Aggressive_Defense,27,five,Intermediate,7248
0,2,14,2,Less_Than_Four_Billion,Balanced,27,six,Intermediate,9726
0,2,13,2,Less_Than_Four_Billion,Aggressive_Defense,27,six,Beginner,9510
1,2,14,2,Less_Than_Four_Billion,Balanced,26,seven,Intermediate,8682
1,2,15,2,Less_Than_Four_Billion,Aggressive_Defense,27,five,Intermediate,9113
1,3,14,2,Above_Four_Billion,Aggressive_Defense,27,five,Intermediate,1716
1,2,15,2,Less_Than_Four_Billion,Aggressive_Defense,26,six,Intermediate,5941
1,2,13,3,Less_Than_Four_Billion,Aggressive_Defense,27,four,Advanced,5549
0,2,12,1,Less_Than_Four_Billion,Aggressive_Defense,27,seven,Beginner,25
1,2,13,2,Less_Than_Four_Billion,Balanced,27,five,Intermediate,3845
0,2,14,2,Less_Than_Four_Billion,Aggressive_Defense,26,five,Intermediate,4503
1,3,14,2,Less_Than_Four_Billion,Balanced,27,four,Intermediate,4484
1,3,15,2,Less_Than_Four_Billion,Balanced,27,four,Intermediate,2323
0,2,14,2,Less_Than_Four_Billion,Aggressive_Defense,27,five,Intermediate,9838
1,2,13,2,Less_Than_Four_Billion,Relaxed,27,five,Intermediate,3728
1,1,12,2,Less_Than_Four_Billion,Aggressive_Defense,26,five,Advanced,9968
1,2,13,3,Less_Than_Four_Billion,Balanced,25,seven,Intermediate,6850
0,2,13,2,Above_Four_Billion,Balanced,26,six,Intermediate,5737
1,2,15,2,Less_Than_Four_Billion,Balanced,27,six,Intermediate,8928
0,2,14,2,Less_Than_Four_Billion,Aggressive_Defense,27,five,Intermediate,4113
1,2,14,3,Less_Than_Four_Billion,Balanced,26,seven,Intermediate,7441
0,2,13,1,Less_Than_Four_Billion,Balanced,26,six,Beginner,1327
1,2,14,2,Less_Than_Four_Billion,Aggressive_Defense,26,six,Beginner,9242
0,2,13,2,Less_Than_Four_Billion,Balanced,26,six,Intermediate,5116
0,2,14,2,Less_Than_Four_Billion,Aggressive_Defense,26,seven,Intermediate,9714
1,1,14,3,Less_Than_Three_Billion,Balanced,27,six,Intermediate,6380
1,2,14,2,Less_Than_Four_Billion,Aggressive_Defense,27,five,Intermediate,7956
0,2,15,2,Less_Than_Four_Billion,Aggressive_Defense,26,four,Intermediate,4150
0,2,14,2,Less_Than_Four_Billion,Aggressive_Defense,26,six,Intermediate,831
1,2,14,3,Less_Than_Four_Billion,Aggressive_Defense,26,six,Intermediate,6096
0,2,14,2,Less_Than_Four_Billion,Aggressive_Defense,27,six,Intermediate,2388
0,2,13,2,Less_Than_Four_Billion,Aggressive_Defense,26,seven,Beginner,7764
1,1,13,1,Less_Than_Four_Billion,Balanced,27,six,Beginner,1904
0,2,15,2,Less_Than_Three_Billion,Aggressive_Defense,26,three,Intermediate,9420
1,1,12,2,Less_Than_Four_Billion,Aggressive_Defense,26,five,Intermediate,9275
0,2,14,2,Less_Than_Four_Billion,Balanced,27,six,Intermediate,5604
1,1,15,3,Less_Than_Four_Billion,Balanced,26,four,Intermediate,2289
0,2,16,3,Less_Than_Four_Billion,Aggressive_Defense,26,five,Intermediate,9598
1,2,12,3,Less_Than_Three_Billion,Balanced,26,six,Advanced,6164
1,2,14,2,Above_Four_Billion,Aggressive_Defense,27,two,Advanced,6825
1,2,13,2,Above_Four_Billion,Aggressive_Defense,26,six,Intermediate,8584
1,2,16,2,Less_Than_Four_Billion,Balanced,26,six,Beginner,9117
1,1,15,3,Less_Than_Three_Billion,Aggressive_Defense,27,six,Intermediate,3258
0,2,13,2,Less_Than_Three_Billion,Balanced,26,nine,Intermediate,8886
0,2,13,2,Less_Than_Four_Billion,Balanced,27,five,Intermediate,2553
1,2,12,2,Less_Than_Four_Billion,Balanced,26,six,Intermediate,2962
1,2,14,3,Less_Than_Four_Billion,Balanced,26,six,Intermediate,6306
0,2,15,3,Less_Than_Four_Billion,Balanced,26,five,Intermediate,5101
1,2,12,2,Less_Than_Four_Billion,Aggressive_Defense,27,five,Intermediate,2659
1,2,14,3,Less_Than_Four_Billion,Balanced,26,six,Advanced,569
0,2,12,2,Less_Than_Four_Billion,Aggressive_Defense,27,eight,Intermediate,9406
1,1,15,3,Less_Than_Four_Billion,Aggressive_Defense,26,six,Intermediate,1086
1,2,15,2,Less_Than_Four_Billion,Aggressive_Defense,26,six,Intermediate,3082
1,2,14,3,Less_Than_Four_Billion,Aggressive_Defense,26,six,Advanced,4243
1,1,14,2,Above_Four_Billion,Aggressive_Defense,27,four,Intermediate,6907
0,1,14,2,Less_Than_Four_Billion,Aggressive_Defense,26,four,Intermediate,9646
1,2,13,2,Less_Than_Four_Billion,Aggressive_Defense,26,five,Intermediate,919
0,2,13,3,Less_Than_Four_Billion,Aggressive_Defense,26,six,Advanced,2258
1,1,14,3,Less_Than_Four_Billion,Balanced,26,seven,Intermediate,9862
1,2,17,2,Above_Four_Billion,Aggressive_Defense,27,six,Beginner,1905
0,1,12,1,Less_Than_Four_Billion,Aggressive_Defense,27,nine,Beginner,445
0,1,14,2,Less_Than_Four_Billion,Balanced,26,five,Intermediate,4525
0,2,13,2,Less_Than_Four_Billion,Aggressive_Defense,26,four,Intermediate,3786
1,1,13,2,Less_Than_Four_Billion,Balanced,27,four,Intermediate,9086
0,2,12,1,Less_Than_Four_Billion,Balanced,27,nine,Beginner,6159
0,3,13,2,Less_Than_Four_Billion,Aggressive_Defense,26,five,Beginner,4716
0,2,13,2,Less_Than_Four_Billion,Balanced,27,seven,Intermediate,2165
0,2,12,1,Less_Than_Four_Billion,Aggressive_Defense,27,six,Intermediate,2937
1,2,14,2,Less_Than_Four_Billion,Aggressive_Defense,26,five,Intermediate,8059
1,2,12,2,Less_Than_Four_Billion,Aggressive_Defense,26,three,Intermediate,7273
0,2,13,2,Less_Than_Three_Billion,Aggressive_Defense,26,six,Intermediate,6222
0,2,15,2,Less_Than_Four_Billion,Aggressive_Offense,26,four,Intermediate,7794
1,2,14,3,Above_Four_Billion,Aggressive_Defense,26,five,Advanced,8179
0,2,13,2,Less_Than_Four_Billion,Balanced,27,six,Intermediate,6843
1,2,14,2,Less_Than_Four_Billion,Aggressive_Defense,26,five,Intermediate,6745
0,1,13,1,Less_Than_Four_Billion,Balanced,26,seven,Beginner,2021
1,1,14,2,Less_Than_Four_Billion,Aggressive_Defense,26,six,Intermediate,458
1,2,12,2,Less_Than_Four_Billion,Balanced,27,two,Advanced,8660
0,2,13,2,Less_Than_Four_Billion,Aggressive_Defense,27,seven,Intermediate,3968
0,1,11,1,Less_Than_Three_Billion,Aggressive_Defense,27,eight,Beginner,283
1,2,13,3,Less_Than_Three_Billion,Balanced,27,five,Advanced,4321
1,2,14,2,Less_Than_Four_Billion,Aggressive_Defense,26,five,Intermediate,608
1,1,15,3,Less_Than_Four_Billion,Balanced,25,seven,Advanced,1411
1,2,14,2,Less_Than_Four_Billion,Aggressive_Defense,27,six,Intermediate,2856
0,1,11,1,Less_Than_Four_Billion,Balanced,27,seven,Beginner,134
1,2,13,2,Less_Than_Four_Billion,Balanced,26,four,Intermediate,1500
0,2,14,2,Less_Than_Four_Billion,Aggressive_Defense,26,six,Intermediate,1204
0,2,13,2,Less_Than_Four_Billion,Aggressive_Defense,26,five,Intermediate,4182
0,1,16,3,Less_Than_Four_Billion,Aggressive_Defense,26,six,Advanced,6539
1,2,15,3,Less_Than_Four_Billion,Balanced,27,five,Intermediate,5448
